<?xml version="1.0" encoding="UTF-8"?>
<project-private xmlns="http://www.netbeans.org/ns/project-private/1">
    <editor-bookmarks xmlns="http://www.netbeans.org/ns/editor-bookmarks/2" lastBookmarkId="0"/>
    <open-files xmlns="http://www.netbeans.org/ns/projectui-open-files/2">
        <group>
            <file>file:/D:/Kuliah/Tugas%20Kuliah/Semester%204/Sistem%20Informasi/Tugas%20Besar/program/Final/MHJuice_Management/MHJuice_Management/src/mhjuice_management/MHJuice_Management.java</file>
            <file>file:/D:/Kuliah/Tugas%20Kuliah/Semester%204/Sistem%20Informasi/Tugas%20Besar/program/Final/MHJuice_Management/MHJuice_Management/src/mhjuice_management/frm_petugas.java</file>
        </group>
    </open-files>
</project-private>
